<?xml version="1.0" encoding="UTF-8"?>
<project-private xmlns="http://www.netbeans.org/ns/project-private/1">
    <editor-bookmarks xmlns="http://www.netbeans.org/ns/editor-bookmarks/2" lastBookmarkId="0"/>
    <open-files xmlns="http://www.netbeans.org/ns/projectui-open-files/2">
        <group>
            <file>file:/C:/Users/N0NAME/Documents/NetBeansProjects/For%20rent%20the%20car/src/For_rent_the_car/login.java</file>
            <file>file:/C:/Users/N0NAME/Documents/NetBeansProjects/For%20rent%20the%20car/src/For_rent_the_car/For_rent.java</file>
            <file>file:/C:/Users/N0NAME/Documents/NetBeansProjects/For%20rent%20the%20car/src/For_rent_the_car/main_admin.java</file>
        </group>
    </open-files>
</project-private>
